{
  "regression": {
    "Linear Regression": {
      "train_mse": 0.13167226607906066,
      "test_mse": 0.20545613555594622,
      "train_r2": 0.958151259341839,
      "test_r2": 0.9340885843217636,
      "cv_mse": 0.15319238933673632,
      "cv_std": 0.08069821022971752
    },
    "Ridge Regression": {
      "train_mse": 0.13733215465915188,
      "test_mse": 0.2098891878295546,
      "train_r2": 0.9563524051381747,
      "test_r2": 0.9326664376901309,
      "cv_mse": 0.1600355941811454,
      "cv_std": 0.07694815433808667
    },
    "Lasso Regression": {
      "train_mse": 0.34639932205097385,
      "test_mse": 0.4187094514662729,
      "train_r2": 0.8899056283882146,
      "test_r2": 0.8656757919186846,
      "cv_mse": 0.3808033448848368,
      "cv_std": 0.05161301894562005
    },
    "Random Forest Regressor": {
      "train_mse": 0.012091638795986622,
      "test_mse": 0.02223733333333334,
      "train_r2": 0.9961569746524939,
      "test_r2": 0.992866145773925,
      "cv_mse": 0.10186075141242938,
      "cv_std": 0.0648138221617807
    },
    "Gradient Boosting Regressor": {
      "train_mse": 0.002970916490555941,
      "test_mse": 0.005837059087331141,
      "train_r2": 0.9990557684056589,
      "test_r2": 0.9981274405517145,
      "cv_mse": 0.08380691188024361,
      "cv_std": 0.06213596395045215
    },
    "SVR": {
      "train_mse": 0.05453529929773395,
      "test_mse": 0.12464548320258383,
      "train_r2": 0.9826673173859124,
      "test_r2": 0.9600130692931143,
      "cv_mse": 0.0962284952981447,
      "cv_std": 0.07274006127735894
    },
    "MLP Regressor": {
      "train_mse": 0.0260799156506692,
      "test_mse": 0.08008325653917621,
      "train_r2": 0.9917111502752125,
      "test_r2": 0.9743088674556367,
      "cv_mse": 0.10067543741761278,
      "cv_std": 0.09704570059580077
    },
    "Decision Tree Regressor": {
      "train_mse": 0.0,
      "test_mse": 0.0,
      "train_r2": 1.0,
      "test_r2": 1.0,
      "cv_mse": 0.10395480225988703,
      "cv_std": 0.06524212962734148
    },
    "KNN Regressor": {
      "train_mse": 0.10528428093645484,
      "test_mse": 0.14346666666666666,
      "train_r2": 0.9665380212591987,
      "test_r2": 0.9539751340253222,
      "cv_mse": 0.1693604519774011,
      "cv_std": 0.09046606216187934
    }
  },
  "classification": {
    "Logistic Regression": {
      "train_accuracy": 0.9531772575250836,
      "test_accuracy": 0.92,
      "cv_accuracy": 0.9197740112994349,
      "cv_std": 0.03222766455496233
    },
    "Random Forest Classifier": {
      "train_accuracy": 1.0,
      "test_accuracy": 1.0,
      "cv_accuracy": 0.9598305084745762,
      "cv_std": 0.017099521306344356
    },
    "SVC": {
      "train_accuracy": 0.9565217391304348,
      "test_accuracy": 0.9066666666666666,
      "cv_accuracy": 0.9364406779661018,
      "cv_std": 0.019480468492467276
    }
  },
  "unsupervised": {
    "KMeans": {
      "n_clusters": 3,
      "inertia": 1891.5889413599098,
      "cluster_summary": {
        "mean": {
          "0": 6.509615384615385,
          "1": 5.4714285714285715,
          "2": 3.036363636363636
        },
        "std": {
          "0": 1.5007777421115114,
          "1": 1.3960007479892098,
          "2": 0.18891859540615819
        },
        "count": {
          "0": 104,
          "1": 140,
          "2": 55
        }
      }
    },
    "Hierarchical": {
      "n_clusters": 3,
      "cluster_summary": {
        "mean": {
          "0": 6.509615384615385,
          "1": 3.036363636363636,
          "2": 5.4714285714285715
        },
        "std": {
          "0": 1.5007777421115114,
          "1": 0.18891859540615819,
          "2": 1.3960007479892098
        },
        "count": {
          "0": 104,
          "1": 55,
          "2": 140
        }
      }
    },
    "PCA": {
      "total_components": 12,
      "components_for_95_variance": "6",
      "explained_variance_ratio": [
        0.3497447116161446,
        0.307391592789557,
        0.14741411400462887,
        0.07729724031839214,
        0.047917600836473284,
        0.026666620190362332,
        0.01496243502866884,
        0.012243764391321946,
        0.007867003197024283,
        0.006540837329240923,
        0.0018860704895376351,
        6.800980864818275e-05
      ]
    }
  }
}